day_type,hour,trips,observed_dates,trips_per_observed_day
Weekday,0,587452,23,25541.4
Weekday,1,359934,23,15649.3
Weekday,2,230792,23,10034.4
Weekday,3,154846,23,6732.4
Weekday,4,139426,23,6062
Weekday,5,192564,23,8372.3
Weekday,6,473858,23,20602.5
Weekday,7,752792,23,32730.1
Weekday,8,924586,23,40199.4
Weekday,9,885646,23,38506.3
Weekday,10,802136,23,34875.5
Weekday,11,800438,23,34801.7
Weekday,12,846688,23,36812.5
Weekday,13,840954,23,36563.2
Weekday,14,851210,23,37009.1
Weekday,15,797584,23,34677.6
Weekday,16,694442,23,30193.1
Weekday,17,836330,23,36362.2
Weekday,18,1032036,23,44871.1
Weekday,19,1100202,23,47834.9
Weekday,20,1018458,23,44280.8
Weekday,21,1064326,23,46275
Weekday,22,1028588,23,44721.2
Weekday,23,895514,23,38935.4
Weekend,0,328350,8,41043.8
Weekend,1,292772,8,36596.5
Weekend,2,242204,8,30275.5
Weekend,3,186532,8,23316.5
Weekend,4,121924,8,15240.5
Weekend,5,60624,8,7578
Weekend,6,65730,8,8216.2
Weekend,7,87360,8,10920
Weekend,8,121956,8,15244.5
Weekend,9,174938,8,21867.2
Weekend,10,218802,8,27350.2
Weekend,11,255146,8,31893.2
Weekend,12,277384,8,34673
Weekend,13,289788,8,36223.5
Weekend,14,285016,8,35627
Weekend,15,284126,8,35515.8
Weekend,16,271994,8,33999.2
Weekend,17,291908,8,36488.5
Weekend,18,319538,8,39942.2
Weekend,19,316414,8,39551.8
Weekend,20,276854,8,34606.8
Weekend,21,289590,8,36198.8
Weekend,22,291172,8,36396.5
Weekend,23,277592,8,34699
