date,name,min_c,max_c,encoded_avg_c,encoded_precip_mm
2015-07-01,NY NEW YORK CNTRL PK TWR,20.6,27.8,0,9.9
2015-07-02,NY NEW YORK CNTRL PK TWR,20.6,26.7,0,0
2015-07-03,NY NEW YORK CNTRL PK TWR,18.9,27.8,0,0
2015-07-04,NY NEW YORK CNTRL PK TWR,20.6,23.9,0,0
2015-07-05,NY NEW YORK CNTRL PK TWR,20,28.3,0,0
2015-07-06,NY NEW YORK CNTRL PK TWR,22.2,28.3,0,0
2015-07-07,NY NEW YORK CNTRL PK TWR,23.9,31.1,0,3
2015-07-08,NY NEW YORK CNTRL PK TWR,25,31.1,0,0
2015-07-09,NY NEW YORK CNTRL PK TWR,20,26.1,0,7.6
2015-07-10,NY NEW YORK CNTRL PK TWR,22.2,28.9,0,0
2015-07-11,NY NEW YORK CNTRL PK TWR,20.6,31.1,0,0
2015-07-12,NY NEW YORK CNTRL PK TWR,22.2,31.7,0,0
2015-07-13,NY NEW YORK CNTRL PK TWR,22.8,31.1,0,0
2015-07-14,NY NEW YORK CNTRL PK TWR,22.8,27.8,0,10.7
2015-07-15,NY NEW YORK CNTRL PK TWR,22.2,27.2,0,3
2015-07-16,NY NEW YORK CNTRL PK TWR,17.8,26.7,0,0
2015-07-17,NY NEW YORK CNTRL PK TWR,19.4,27.2,0,0
2015-07-18,NY NEW YORK CNTRL PK TWR,21.7,29.4,0,8.1
2015-07-19,NY NEW YORK CNTRL PK TWR,25.6,33.9,0,0
2015-07-20,NY NEW YORK CNTRL PK TWR,27.8,34.4,0,0
2015-07-21,NY NEW YORK CNTRL PK TWR,23.3,31.7,0,0
2015-07-22,NY NEW YORK CNTRL PK TWR,20.6,29.4,0,0
2015-07-23,NY NEW YORK CNTRL PK TWR,20,30,0,0
2015-07-24,NY NEW YORK CNTRL PK TWR,21.1,30.6,0,0
2015-07-25,NY NEW YORK CNTRL PK TWR,20.6,31.1,0,0
2015-07-26,NY NEW YORK CNTRL PK TWR,23.3,32.2,0,0
2015-07-27,NY NEW YORK CNTRL PK TWR,21.7,30,0,9.1
2015-07-28,NY NEW YORK CNTRL PK TWR,23.9,35,0,0
2015-07-29,NY NEW YORK CNTRL PK TWR,25.6,35.6,0,0
2015-07-30,NY NEW YORK CNTRL PK TWR,24.4,30.6,0,49.5
2015-07-31,NY NEW YORK CNTRL PK TWR,22.2,31.7,0,0
